{
  "sessions": [
    {
      "id": "7786614069:7786614069",
      "data": {
        "orderData": null
      }
    },
    {
      "id": "6027184119:6027184119",
      "data": {
        "orderData": null
      }
    },
    {
      "id": "5833345653:5833345653",
      "data": {
        "orderData": {
          "itemId": "1",
          "item": {
            "itemId": 1,
            "name": "shiro",
            "description": "sxdfghjk",
            "price": 200,
            "availability": 1,
            "imageUrl": "/uploads/1744027401476.jpg",
            "createdAt": "2025-04-07T12:03:21.496Z",
            "updatedAt": "2025-04-07T12:03:21.496Z"
          },
          "telegramId": "5833345653",
          "fullName": "Eyu",
          "phoneNumber": "0907363763",
          "quantity": 1,
          "specialOrder": "Dd"
        }
      }
    },
    {
      "id": "800439459:800439459",
      "data": {
        "orderData": null
      }
    },
    {
      "id": "6040721081:6040721081",
      "data": {
        "orderData": null
      }
    }
  ]
}